TEAM_ID,TEAM_NAME,GP,W,L,W_PCT,MIN,E_OFF_RATING,OFF_RATING,E_DEF_RATING,DEF_RATING,E_NET_RATING,NET_RATING,AST_PCT,AST_TO,AST_RATIO,OREB_PCT,DREB_PCT,REB_PCT,TM_TOV_PCT,EFG_PCT,TS_PCT,E_PACE,PACE,PACE_PER40,POSS,PIE,GP_RANK,W_RANK,L_RANK,W_PCT_RANK,MIN_RANK,OFF_RATING_RANK,DEF_RATING_RANK,NET_RATING_RANK,AST_PCT_RANK,AST_TO_RANK,AST_RATIO_RANK,OREB_PCT_RANK,DREB_PCT_RANK,REB_PCT_RANK,TM_TOV_PCT_RANK,EFG_PCT_RANK,TS_PCT_RANK,PACE_RANK,PIE_RANK
1610612737,Atlanta Hawks,82,35,47,0.427,3981.0,99.6,100.4,102.8,104.2,-3.2,-3.8,0.587,1.23,16.0,0.3,0.681,0.499,0.178,0.476,0.527,93.7,92.63,77.19,7683,0.483,1,22,22,22,5,23,22,23,18,26,19,23,18,16,26,12,10,14,19
1610612738,Boston Celtics,82,44,38,0.537,3966.0,98.9,100.0,98.5,100.5,0.4,-0.6,0.583,1.37,15.5,0.266,0.691,0.474,0.151,0.47,0.514,93.4,91.95,76.62,7602,0.48,1,13,13,13,14,24,8,18,19,19,24,29,12,29,8,19,20,18,22
1610612741,Chicago Bulls,82,30,52,0.366,3985.0,97.3,99.1,103.1,104.2,-5.8,-5.1,0.596,1.28,16.5,0.307,0.672,0.492,0.177,0.471,0.512,96.1,94.76,78.96,7857,0.457,1,23,23,23,4,26,21,25,16,23,15,18,25,22,25,18,23,4,25
1610612739,Cleveland Cavaliers,82,17,65,0.207,3966.0,93.5,95.2,103.6,105.1,-10.1,-9.9,0.601,1.14,15.7,0.338,0.697,0.513,0.191,0.444,0.491,96.9,95.32,79.44,7870,0.431,1,28,28,28,14,28,25,29,13,29,23,6,6,6,28,27,27,3,28
1610612742,Dallas Mavericks,82,60,22,0.732,3956.0,108.2,109.3,99.4,101.0,8.8,8.3,0.581,1.94,17.3,0.277,0.677,0.478,0.123,0.498,0.543,95.0,93.75,78.12,7726,0.546,1,1,1,1,24,1,11,1,20,1,10,28,22,27,1,3,1,8,4
1610612743,Denver Nuggets,82,17,65,0.207,3946.0,88.9,91.2,99.0,100.1,-10.0,-8.9,0.646,1.15,16.3,0.345,0.697,0.511,0.2,0.428,0.469,93.8,92.11,76.76,7568,0.425,1,28,28,28,29,29,7,28,5,28,16,3,7,7,29,29,29,16,29
1610612765,Detroit Pistons,82,50,32,0.61,3981.0,101.4,102.4,97.3,98.2,4.2,4.2,0.6,1.47,16.2,0.294,0.707,0.499,0.151,0.473,0.523,89.1,88.26,73.55,7318,0.525,1,5,5,5,5,17,4,5,14,15,18,24,2,15,7,14,14,29,8
1610612744,Golden State Warriors,82,38,44,0.463,3951.0,105.0,106.4,106.0,107.7,-1.0,-1.3,0.559,1.32,15.4,0.371,0.663,0.518,0.164,0.472,0.526,97.2,95.88,79.9,7897,0.492,1,19,19,19,26,3,29,20,26,21,26,1,28,4,20,17,13,2,18
1610612745,Houston Rockets,82,43,39,0.524,3986.0,101.0,102.4,99.9,100.9,1.1,1.5,0.53,1.18,14.7,0.331,0.698,0.518,0.17,0.474,0.522,91.5,90.36,75.3,7508,0.511,1,15,15,15,1,15,10,13,29,27,29,7,5,2,23,13,15,25,13
1610612754,Indiana Pacers,82,48,34,0.585,3981.0,101.6,103.2,97.9,99.6,3.7,3.5,0.656,1.58,17.7,0.318,0.694,0.509,0.157,0.469,0.522,94.2,92.71,77.26,7696,0.538,1,9,9,9,5,13,5,6,2,7,4,12,10,11,12,20,16,12,6
1610612746,Los Angeles Clippers,82,27,55,0.329,3951.0,99.5,101.1,103.6,105.1,-4.1,-4.0,0.566,1.24,15.4,0.316,0.673,0.496,0.17,0.467,0.516,94.0,92.68,77.23,7613,0.47,1,25,25,25,26,22,24,24,24,25,25,14,23,20,22,22,19,13,24
1610612747,Los Angeles Lakers,82,50,32,0.61,3986.0,104.1,105.6,101.8,103.4,2.3,2.2,0.618,1.6,17.4,0.328,0.693,0.509,0.153,0.486,0.528,95.2,93.78,78.15,7797,0.52,1,5,5,5,1,4,19,12,10,6,8,8,11,9,11,8,9,7,9
1610612763,Memphis Grizzlies,82,28,54,0.341,3986.0,101.0,102.3,104.6,105.9,-3.6,-3.5,0.621,1.5,17.5,0.301,0.659,0.482,0.162,0.487,0.526,95.2,94.03,78.35,7813,0.482,1,24,24,24,1,19,27,22,8,11,7,21,29,25,19,7,11,6,21
1610612748,Miami Heat,82,25,57,0.305,3966.0,93.8,95.4,99.8,101.2,-6.0,-5.8,0.558,1.29,15.0,0.306,0.709,0.501,0.159,0.439,0.483,90.3,88.93,74.11,7353,0.456,1,26,26,26,14,27,13,26,27,22,28,19,1,14,17,28,28,28,26
1610612749,Milwaukee Bucks,82,42,40,0.512,3981.0,106.2,107.2,105.3,106.9,1.0,0.3,0.599,1.75,17.4,0.287,0.666,0.477,0.137,0.5,0.543,92.9,91.76,76.46,7607,0.495,1,16,16,16,5,2,28,15,15,3,9,26,27,28,2,1,2,19,17
1610612750,Minnesota Timberwolves,82,51,31,0.622,3961.0,103.5,104.8,100.6,102.5,2.9,2.2,0.653,1.84,19.0,0.31,0.695,0.508,0.146,0.488,0.528,94.6,93.08,77.57,7681,0.529,1,4,4,4,20,5,16,11,3,2,2,17,9,13,3,6,7,9,7
1610612751,New Jersey Nets,82,49,33,0.598,3951.0,100.6,102.1,95.5,96.6,5.1,5.4,0.649,1.56,17.6,0.317,0.702,0.51,0.158,0.468,0.518,94.2,93.0,77.5,7661,0.544,1,8,8,8,26,20,1,4,4,9,6,13,4,8,16,21,18,11,5
1610612740,New Orleans Hornets,82,47,35,0.573,3981.0,100.6,102.4,98.4,100.0,2.3,2.4,0.62,1.49,17.0,0.345,0.697,0.518,0.161,0.465,0.511,92.3,90.72,75.6,7522,0.517,1,11,11,11,5,18,6,10,9,12,13,4,8,3,18,24,25,23,10
1610612752,New York Knicks,82,37,45,0.451,3971.0,101.5,103.3,103.7,104.6,-2.2,-1.3,0.607,1.57,17.2,0.28,0.689,0.48,0.151,0.486,0.528,93.3,92.06,76.72,7611,0.474,1,20,20,20,10,11,23,21,12,8,11,27,13,26,9,9,8,17,23
1610612753,Orlando Magic,82,42,40,0.512,3961.0,102.3,103.7,101.9,103.7,0.4,0.0,0.569,1.42,15.8,0.3,0.68,0.485,0.151,0.478,0.526,95.8,94.33,78.61,7788,0.482,1,16,16,16,20,10,20,16,23,17,22,22,19,24,10,11,12,5,20
1610612755,Philadelphia 76ers,82,48,34,0.585,3971.0,101.8,103.2,100.0,100.6,1.8,2.6,0.595,1.46,16.5,0.324,0.704,0.509,0.158,0.466,0.52,94.0,93.07,77.56,7694,0.516,1,9,9,9,10,12,9,8,17,16,14,9,3,10,14,23,17,10,11
1610612756,Phoenix Suns,82,44,38,0.537,3961.0,100.7,102.6,99.4,101.3,1.2,1.3,0.572,1.42,16.2,0.323,0.672,0.496,0.158,0.473,0.514,94.3,92.59,77.16,7637,0.498,1,13,13,13,20,14,14,14,22,18,17,10,26,18,15,15,21,15,16
1610612757,Portland Trail Blazers,82,50,32,0.61,3970.0,102.6,104.2,99.5,101.5,3.1,2.7,0.623,1.49,17.7,0.338,0.689,0.515,0.167,0.489,0.531,92.1,90.44,75.36,7486,0.515,1,5,5,5,13,7,15,7,7,13,5,5,14,5,21,5,6,24,12
1610612758,Sacramento Kings,82,59,23,0.72,3966.0,103.1,104.4,96.3,97.8,6.8,6.6,0.627,1.71,18.3,0.289,0.678,0.493,0.149,0.499,0.535,98.0,96.63,80.52,7987,0.551,1,3,3,3,14,6,2,2,6,4,3,25,20,21,6,2,5,1,1
1610612759,San Antonio Spurs,82,60,22,0.732,3966.0,103.1,103.9,96.6,98.1,6.5,5.8,0.563,1.26,15.9,0.311,0.687,0.508,0.171,0.497,0.541,92.5,91.46,76.21,7558,0.549,1,1,1,1,14,8,3,3,25,24,21,16,16,12,24,4,3,20,3
1610612760,Seattle SuperSonics,82,40,42,0.488,3971.0,100.7,102.4,100.9,102.6,-0.2,-0.2,0.615,1.64,17.2,0.314,0.688,0.497,0.147,0.472,0.512,90.7,89.17,74.31,7379,0.502,1,18,18,18,10,16,17,17,11,5,12,15,15,17,4,16,24,27,14
1610612761,Toronto Raptors,82,24,58,0.293,3961.0,97.4,99.3,104.3,105.6,-6.9,-6.3,0.556,1.34,15.3,0.318,0.678,0.491,0.157,0.458,0.497,92.4,91.01,75.84,7507,0.447,1,27,27,27,20,25,26,27,28,20,27,11,21,23,13,26,26,21,27
1610612762,Utah Jazz,82,47,35,0.573,3956.0,102.4,103.7,99.8,101.1,2.7,2.6,0.727,1.53,19.5,0.353,0.673,0.519,0.184,0.486,0.537,92.0,90.78,75.65,7483,0.551,1,11,11,11,24,9,12,9,1,10,1,2,24,1,27,10,4,22,2
1610612764,Washington Wizards,82,37,45,0.451,3966.0,100.2,101.5,100.9,102.6,-0.7,-1.1,0.572,1.47,15.9,0.305,0.686,0.496,0.148,0.46,0.513,90.8,89.46,74.55,7390,0.498,1,20,20,20,14,21,18,19,21,14,20,20,17,19,5,25,22,26,15
